quadrant,county_count,RiskAdjRate_mean,CtyPhyRate
00,133,70.02981203007519,247.80902255639097
01,183,87.3786612021858,81.1191256830601
10,32,301.230625,180.54375
11,58,315.9208620689655,86.13275862068966
